Rank,Target sequence,Genomic location,Strand,GC content (%),Self-complementarity,MM0,MM1,MM2,MM3,Efficiency
1,TGCTGAAGATGTGGGTGAGGGGG,chrI:85619,+,55,0,0,0,0,0,1.00
2,TTGCTGAAGATGTGGGTGAGGGG,chrI:85618,+,50,0,0,0,0,0,1.00
3,GCTTGCTGAAGATGTGGGTGAGG,chrI:85616,+,55,0,0,0,0,0,1.00
4,TGATGGGCTTGCTGAAGATGTGG,chrI:85610,+,50,0,0,0,0,0,1.00
5,TGTTCTTATGCTCTCTAAAGAGG,chrI:85580,+,35,0,0,0,0,0,1.00
6,GGGAGACCTAGAAGAATTTGAGG,chrI:85538,+,45,0,0,0,0,0,1.00
7,GGTCCTTACAGGCGATACTGAGG,chrI:85517,+,55,0,0,0,0,0,1.00
8,TGCGTTTTTATTGTTGAAAGTGG,chrI:85496,+,30,0,0,0,0,0,1.00
9,CGCAGAAACGAAGAAAAGCGTGG,chrI:85477,-,50,0,0,0,0,0,1.00
10,TGTATAGGATTGCAAAGATGAGG,chrI:85409,+,35,0,0,0,0,0,1.00
11,TCTTGTAGAATTCAAATATGAGG,chrI:85373,+,25,0,0,0,0,0,1.00
12,TGATTGTTGAGCTTTGAAGGTGG,chrI:85335,+,40,0,0,0,0,0,1.00
13,TTGATTTAACGTCATGGTTGAGG,chrI:85292,+,35,0,0,0,0,0,1.00
14,AAATCGTCCAAGATACAGTGCGG,chrI:85268,-,40,0,0,0,0,0,1.00
15,ACTTGATGATTTTCCTGAGGAGG,chrI:85157,+,40,0,0,0,0,0,1.00
16,GGTACTTGATGATTTTCCTGAGG,chrI:85154,+,40,0,0,0,0,0,1.00
17,TGGTGTACCGCCAATGACAGAGG,chrI:85033,-,55,0,0,0,0,0,1.00
18,TTTTCTGCCTCTGTCATTGGCGG,chrI:85026,+,45,0,0,0,0,0,1.00
19,AAATCCTAAACCAACAAAGGTGG,chrI:85006,-,35,0,0,0,0,0,1.00
20,ATTGCCGAAGCAGGTATTGGCGG,chrI:84951,+,50,0,0,0,0,0,1.00
21,GATAAGATGAAATTAACGAGGGG,chrI:86790,+,30,0,0,0,0,0,1.00
22,GTGATAAGATGAAATTAACGAGG,chrI:86788,+,30,0,0,0,0,0,1.00
23,TAAGCCCCGTATTGGCTAAGAGG,chrI:86741,-,50,0,0,0,0,0,1.00
24,GGTACCTCTTAGCCAATACGGGG,chrI:86737,+,50,0,0,0,0,0,1.00
25,TATTTGGACTTATGCTGTAGCGG,chrI:84921,+,35,0,0,0,0,0,1.00
26,AACTAATTTTATTGATGTAGAGG,chrI:86659,-,20,0,0,0,0,0,1.00
27,AGAGGGCTGGATGTTTCCCGAGG,chrI:86641,-,60,0,0,0,0,0,1.00
28,GGGCTGGATGTTTCCCGAGGAGG,chrI:86638,-,65,0,0,0,0,0,1.00
29,CACGATTTATAGTGATCTAGGGG,chrI:86613,+,35,0,0,0,0,0,1.00
30,CAATTTGTAAAAGGAATGGGTGG,chrI:86357,+,35,0,0,0,0,0,1.00
31,TGTAATATGTCCTTAGAATGGGG,chrI:86284,+,30,0,0,0,0,0,1.00
32,TGTAGAGTCCATTCCCAATGTGG,chrI:86199,+,45,0,0,0,0,0,1.00
33,GGATATACACTTTCCACTTGCGG,chrI:86174,-,40,0,0,0,0,0,1.00
34,AGACAGAAAAAACCCGCAAGTGG,chrI:86161,+,45,0,0,0,0,0,1.00
35,GTCTTCGAGATGGATTAGAGTGG,chrI:84857,-,45,0,0,0,0,0,1.00
36,GTGGAAAATGGGAGTTCTTGAGG,chrI:85916,+,45,0,0,0,0,0,1.00
37,GCAAGATTATACCGAAATTGAGG,chrI:85850,-,35,0,0,0,0,0,1.00
38,TCGATGAAACCAATGACTTGCGG,chrI:85760,-,40,0,0,0,0,0,1.00
39,AGATAAGGCTCTGTATTTAGAGG,chrI:85711,-,35,1,0,0,0,0,1.00
40,TTTCATCTTATCACTTTGTGAGG,chrI:86779,-,30,1,0,0,0,0,1.00
41,CAACTAAACCAGGTTGAAGGTGG,chrI:85897,+,45,2,0,0,0,0,1.00
42,GGGGATGGAGAAGAAGAGGCTGG,chrI:85638,+,60,0,0,0,0,0,0.00
43,GAAGATGTGGGTGAGGGGGATGG,chrI:85623,+,60,0,0,0,0,0,0.00
44,CTTGCTGAAGATGTGGGTGAGGG,chrI:85617,+,50,0,0,0,0,0,0.00
45,AAACGGCATCATGGTAGTTTCGG,chrI:84815,+,40,0,0,0,0,0,0.00
46,GATGGGCTTGCTGAAGATGTGGG,chrI:85611,+,50,0,0,0,0,0,0.00
47,TTCAGCAAGCCCATCAAGACAGG,chrI:85603,-,50,0,0,0,0,0,0.00
48,GAAACTACCATGATGCCGTTTGG,chrI:84813,-,45,0,0,0,0,0,0.00
49,CTAAAGAGGCCTGTCTTGATGGG,chrI:85594,+,45,0,0,0,0,0,0.00
50,TCTAAAGAGGCCTGTCTTGATGG,chrI:85593,+,45,0,0,0,0,0,0.00
51,AAACTACCATGATGCCGTTTGGG,chrI:84812,-,40,0,0,0,0,0,0.00
52,CTTTAGAGAGCATAAGAACAAGG,chrI:85577,-,35,0,0,0,0,0,0.00
53,TTTAGAGAGCATAAGAACAAGGG,chrI:85576,-,30,0,0,0,0,0,0.00
54,AGAGCATAAGAACAAGGGCAAGG,chrI:85571,-,45,0,0,0,0,0,0.00
55,GAGCATAAGAACAAGGGCAAGGG,chrI:85570,-,45,0,0,0,0,0,0.00
56,ATTTAGCCTCAAATTCTTCTAGG,chrI:85544,-,30,0,0,0,0,0,0.00
57,TTCGATCCCAAACGGCATCATGG,chrI:84806,+,50,0,0,0,0,0,0.00
58,CTCCCTCAGTATCGCCTGTAAGG,chrI:85520,-,55,0,0,0,0,0,0.00
59,GTCCTTACAGGCGATACTGAGGG,chrI:85518,+,50,0,0,0,0,0,0.00
60,TTGTTGAAAGTGGTCCTTACAGG,chrI:85506,+,40,0,0,0,0,0,0.00
61,GAAGAAAAGCGTGGTGTCTCCGG,chrI:85468,-,50,0,0,0,0,0,0.00
62,TTGATCAGTTTTCTTTTCTCCGG,chrI:85449,+,30,0,0,0,0,0,0.00
63,GAGAAAAGAAAACTGATCAACGG,chrI:85446,-,30,0,0,0,0,0,0.00
64,TCTTTGATTTCGATCCCAAACGG,chrI:84798,+,35,0,0,0,0,0,0.00
65,GAAAACTGATCAACGGCAGAAGG,chrI:85439,-,45,0,0,0,0,0,0.00
66,GATTGCAAAGATGAGGATCTAGG,chrI:85416,+,40,0,0,0,0,0,0.00
67,GGTTTGTTGTTTGTTTGTATAGG,chrI:85394,+,30,0,0,0,0,0,0.00
68,ATCGAAATCAAAGAGTCGACCGG,chrI:84789,-,40,0,0,0,0,0,0.00
69,TTTGAAGGTGGAGCTATTGACGG,chrI:85347,+,40,0,0,0,0,0,0.00
70,TCGAAATCAAAGAGTCGACCGGG,chrI:84788,-,45,0,0,0,0,0,0.00
71,CTTTGATTGTTGAGCTTTGAAGG,chrI:85332,+,35,0,0,0,0,0,0.00
72,CTTCAAAGCTCAACAATCAAAGG,chrI:85331,-,35,0,0,0,0,0,0.00
73,GGTTGAGGACTGCAAAGAATTGG,chrI:85307,+,45,0,0,0,0,0,0.00
74,GATTTTTTGATTTAACGTCATGG,chrI:85286,+,25,0,0,0,0,0,0.00
75,TCAAATGCCGCACTGTATCTTGG,chrI:85261,+,45,0,0,0,0,0,0.00
76,GATGAAGATGCAGAAGGATTGGG,chrI:85218,+,40,0,0,0,0,0,0.00
77,GCTAACGATGAAGATGCAGAAGG,chrI:85212,+,45,0,0,0,0,0,0.00
78,ATACTGGATACTTTTGGTGAAGG,chrI:85188,+,35,0,0,0,0,0,0.00
79,TTGTTTATACTGGATACTTTTGG,chrI:85182,+,25,0,0,0,0,0,0.00
80,TGAGGAGGTGTTGTTTATACTGG,chrI:85172,+,40,0,0,0,0,0,0.00
81,AGTATAAACAACACCTCCTCAGG,chrI:85170,-,40,0,0,0,0,0,0.00
82,TTTAGAAGCTATTCTATGCCCGG,chrI:84770,+,35,0,0,0,0,0,0.00
83,ATCACTACTATTGGCAATCAGGG,chrI:85133,+,35,0,0,0,0,0,0.00
84,TATCACTACTATTGGCAATCAGG,chrI:85132,+,35,0,0,0,0,0,0.00
85,TGCCAATAGTAGTGATACTTTGG,chrI:85126,-,35,0,0,0,0,0,0.00
86,AGCCAAAGTATCACTACTATTGG,chrI:85124,+,35,0,0,0,0,0,0.00
87,AGAGACATTAACTCTAGATCCGG,chrI:85099,-,35,0,0,0,0,0,0.00
88,CCTTTTGATGGACAATTCACTGG,chrI:85067,+,40,0,0,0,0,0,0.00
89,CAGTGAATTGTCCATCAAAAGGG,chrI:85066,-,35,0,0,0,0,0,0.00
90,AGCAAATCTCACCCTTTTGATGG,chrI:85055,+,40,0,0,0,0,0,0.00
91,ATCAAAAGGGTGAGATTTGCTGG,chrI:85053,-,40,0,0,0,0,0,0.00
92,GGATTTTCTGCCTCTGTCATTGG,chrI:85023,+,45,0,0,0,0,0,0.00
93,AGAAAATCCTAAACCAACAAAGG,chrI:85009,-,30,0,0,0,0,0,0.00
94,AATCCTAAACCAACAAAGGTGGG,chrI:85005,-,35,0,0,0,0,0,0.00
95,TTGTACCAACCCACCTTTGTTGG,chrI:84996,+,45,0,0,0,0,0,0.00
96,GGTGGGTTGGTACAAGAAGCCGG,chrI:84988,-,55,0,0,0,0,0,0.00
97,GGCGGATAATGTAGCACAGCCGG,chrI:84969,+,55,0,0,0,0,0,0.00
98,ACTAGTTTTATATTACAACATGG,chrI:87028,-,20,0,0,0,0,0,0.00
99,TTATCCGCCAATACCTGCTTCGG,chrI:84955,-,45,0,0,0,0,0,0.00
100,TGCTGCCAGCGCTTCTATTCCGG,chrI:86968,-,55,0,0,0,0,0,0.00
101,GATTGCCGGAATAGAAGCGCTGG,chrI:86963,+,55,0,0,0,0,0,0.00
102,GCTTCTATTCCGGCAATCAAAGG,chrI:86958,-,45,0,0,0,0,0,0.00
103,GGAACAGAACCTTTGATTGCCGG,chrI:86949,+,45,0,0,0,0,0,0.00
104,ATCATTGCCGAAGCAGGTATTGG,chrI:84948,+,45,0,0,0,0,0,0.00
105,AATCAAAGGTTCTGTTCCGTTGG,chrI:86944,-,40,0,0,0,0,0,0.00
106,TTTATATCATACGAGTCCAACGG,chrI:86928,+,30,0,0,0,0,0,0.00
107,ACAAGCTGAATGAACTGAATAGG,chrI:86879,-,35,0,0,0,0,0,0.00
108,GAATAGGCTACTAAACGTTCTGG,chrI:86863,-,40,0,0,0,0,0,0.00
109,AACGAGGGGAATAATTTTGTAGG,chrI:86804,+,35,0,0,0,0,0,0.00
110,TGATAAGATGAAATTAACGAGGG,chrI:86789,+,25,0,0,0,0,0,0.00
111,ACGGGGCTTACATTAAATATAGG,chrI:86754,+,35,0,0,0,0,0,0.00
112,ATTTAATGTAAGCCCCGTATTGG,chrI:86749,-,35,0,0,0,0,0,0.00
113,TGGTACCTCTTAGCCAATACGGG,chrI:86736,+,45,0,0,0,0,0,0.00
114,ATGGTACCTCTTAGCCAATACGG,chrI:86735,+,40,0,0,0,0,0,0.00
115,GCTGGAATCGACAGAGCAAATGG,chrI:86716,+,50,0,0,0,0,0,0.00
116,CTTCGCTTAGCTTTATCAGCTGG,chrI:86698,+,45,0,0,0,0,0,0.00
117,ACTAATTTTATTGATGTAGAGGG,chrI:86658,-,20,0,0,0,0,0,0.00
118,ATTTTATTGATGTAGAGGGCTGG,chrI:86654,-,35,0,0,0,0,0,0.00
119,TGATCTAGGGGTACCTCCTCGGG,chrI:86625,+,55,0,0,0,0,0,0.00
120,GTGATCTAGGGGTACCTCCTCGG,chrI:86624,+,55,0,0,0,0,0,0.00
121,GCACGATTTATAGTGATCTAGGG,chrI:86612,+,35,0,0,0,0,0,0.00
122,TGCACGATTTATAGTGATCTAGG,chrI:86611,+,35,0,0,0,0,0,0.00
123,TATACAATAATTCTCTACAATGG,chrI:86588,-,20,0,0,0,0,0,0.00
124,TTGTCTCAGCGTGTTATATTTGG,chrI:84905,+,35,0,0,0,0,0,0.00
125,CAATAAAATCTGTCTCAACTTGG,chrI:86510,+,30,0,0,0,0,0,0.00
126,CAAGTTGAGACAGATTTTATTGG,chrI:86509,-,30,0,0,0,0,0,0.00
127,TGAGACAGATTTTATTGGAAAGG,chrI:86504,-,30,0,0,0,0,0,0.00
128,GAGACAGATTTTATTGGAAAGGG,chrI:86503,-,30,0,0,0,0,0,0.00
129,AAAGGGATGCGTACAAAGCTCGG,chrI:86486,-,45,0,0,0,0,0,0.00
130,TCAATTATTGAAGTGTCAAATGG,chrI:86457,+,25,0,0,0,0,0,0.00
131,AACACGCTGAGACAAGAAGAAGG,chrI:84897,-,45,0,0,0,0,0,0.00
132,ACACGCTGAGACAAGAAGAAGGG,chrI:84896,-,45,0,0,0,0,0,0.00
133,AGAATCAATGTCATTTCAACTGG,chrI:86421,+,30,0,0,0,0,0,0.00
134,TACTGGATCATTAATCAAAACGG,chrI:86390,+,25,0,0,0,0,0,0.00
135,TTTTGATTAATGATCCAGTAAGG,chrI:86387,-,25,0,0,0,0,0,0.00
136,TTTGATTAATGATCCAGTAAGGG,chrI:86386,-,25,0,0,0,0,0,0.00
137,TGGGTGGACTTATCCCTTACTGG,chrI:86373,+,50,0,0,0,0,0,0.00
138,TTGCAATTTGTAAAAGGAATGGG,chrI:86354,+,25,0,0,0,0,0,0.00
139,ATTCCTTTTACAAATTGCAATGG,chrI:86351,-,25,0,0,0,0,0,0.00
140,GAAGATTTTCGAATGAACACAGG,chrI:86306,+,35,0,0,0,0,0,0.00
141,CGAAAATCTTCCCCATTCTAAGG,chrI:86294,-,40,0,0,0,0,0,0.00
142,TTGTAATATGTCCTTAGAATGGG,chrI:86283,+,25,0,0,0,0,0,0.00
143,GTTGTAATATGTCCTTAGAATGG,chrI:86282,+,30,0,0,0,0,0,0.00
144,CAACCAATTGCAGAAATTTTCGG,chrI:86263,-,30,0,0,0,0,0,0.00
145,TTTCCGAAAATTTCTGCAATTGG,chrI:86260,+,30,0,0,0,0,0,0.00
146,TGTAAATTTGACAGTGAAGTAGG,chrI:86232,+,30,0,0,0,0,0,0.00
147,ACAGAAGGATCTACCACATTGGG,chrI:86212,-,40,0,0,0,0,0,0.00
148,AGGATCTACCACATTGGGAATGG,chrI:86207,-,45,0,0,0,0,0,0.00
149,ATTGGGAATGGACTCTACACAGG,chrI:86195,-,45,0,0,0,0,0,0.00
150,GATATACACTTTCCACTTGCGGG,chrI:86173,-,40,0,0,0,0,0,0.00
151,GTGTTATTATCAGTTTCTCTAGG,chrI:86135,-,30,0,0,0,0,0,0.00
152,AGAAATGTTGTTTATTCGGTAGG,chrI:86104,+,30,0,0,0,0,0,0.00
153,ACCGAATAAACAACATTTCTTGG,chrI:86101,-,30,0,0,0,0,0,0.00
154,TCCAAGAAATGTTGTTTATTCGG,chrI:86100,+,25,0,0,0,0,0,0.00
155,GTAATGGTACACGTTTTCGCTGG,chrI:86060,+,45,0,0,0,0,0,0.00
156,CACAAATTATCAAATCGTAATGG,chrI:86044,+,25,0,0,0,0,0,0.00
157,TTTGATAATTTGTGAGCTGATGG,chrI:86035,-,30,0,0,0,0,0,0.00
158,TCTTCGAGATGGATTAGAGTGGG,chrI:84856,-,40,0,0,0,0,0,0.00
159,CACAGCTTTATTCGAACTGCAGG,chrI:85984,-,45,0,0,0,0,0,0.00
160,TTTAAAATTTTGGACTCAAACGG,chrI:85957,-,20,0,0,0,0,0,0.00
161,GATGGATTAGAGTGGGAAAATGG,chrI:84849,-,40,0,0,0,0,0,0.00
162,AGTTCTTGAGGAATTGTTATCGG,chrI:85928,+,30,0,0,0,0,0,0.00
163,CCAGGTTGAAGGTGGAAAATGGG,chrI:85905,+,45,0,0,0,0,0,0.00
164,ACCAGGTTGAAGGTGGAAAATGG,chrI:85904,+,45,0,0,0,0,0,0.00
165,AACAATTCCACAACTAAACCAGG,chrI:85887,+,35,0,0,0,0,0,0.00
166,GAGTGGGAAAATGGCGAATCTGG,chrI:84840,-,50,0,0,0,0,0,0.00
167,TATCCAATTGGATGGATTGCTGG,chrI:85811,-,40,0,0,0,0,0,0.00
168,TTTCCAGCAATCCATCCAATTGG,chrI:85808,+,40,0,0,0,0,0,0.00
169,CAAGTCATTGGTTTCATCGAAGG,chrI:85763,+,40,0,0,0,0,0,0.00
170,CGATGAAACCAATGACTTGCGGG,chrI:85759,-,45,0,0,0,0,0,0.00
171,CAAATTCTCCCGCAAGTCATTGG,chrI:85751,+,45,0,0,0,0,0,0.00
172,AGAAAAGCTAGAAAGAGATAAGG,chrI:85726,-,30,0,0,0,0,0,0.00
173,GCTGGCAGCTTTGTTATTGACGG,chrI:85656,+,45,1,0,0,0,0,0.00
174,AATTCACTGGAGTTTGACTCCGG,chrI:85080,+,40,1,0,0,0,0,0.00
175,GGCTTGATCATTGCCGAAGCAGG,chrI:84942,+,55,1,0,0,0,0,0.00
176,TTGCCATTGCAATTTGTAAAAGG,chrI:86348,+,30,1,0,0,0,0,0.00
177,CAAATTGCAATGGCAAGTGATGG,chrI:86341,-,40,1,0,0,0,0,0.00
178,TTCACTGTCAAATTTACAGAAGG,chrI:86227,-,30,1,0,0,0,0,0.00
179,TTTCGAAAAAGTCTTCGAGATGG,chrI:84867,-,35,1,0,0,0,0,0.00
180,ACCGAAATTGAGGTCCATTATGG,chrI:85840,-,40,1,0,0,0,0,0.00
181,CCCATAATGGACCTCAATTTCGG,chrI:85839,+,40,1,0,0,0,0,0.00
182,ATTGGATAATAATCCCATAATGG,chrI:85826,+,25,1,0,0,0,0,0.00
183,TTATGGGATTATTATCCAATTGG,chrI:85823,-,25,1,0,0,0,0,0.00
184,CAACCCACCTTTGTTGGTTTAGG,chrI:85002,+,45,2,0,0,0,0,0.00
185,AGAAGCGCTGGCAGCAGCTTTGG,chrI:86975,+,60,2,0,0,0,0,0.00
186,ATCTCGAAGACTTTTTCGAAAGG,chrI:84869,+,35,2,0,0,0,0,0.00
187,GCTGTGACATCATCACATTCTGG,chrI:86001,+,45,2,0,0,0,0,0.00
188,CCACAACTAAACCAGGTTGAAGG,chrI:85894,+,45,2,0,0,0,0,0.00
189,GGGATTATTATCCAATTGGATGG,chrI:85819,-,35,2,0,0,0,0,0.00
190,CTAAACCAACAAAGGTGGGTTGG,chrI:85001,-,45,3,0,0,0,0,0.00
191,TCTCTTTTCTTCTTCAAATGCGG,chrI:86838,+,30,0,0,0,0,1,1.00
192,CGATGAAGATGCAGAAGGATTGG,chrI:85217,+,45,0,0,0,0,1,0.00
193,ATTGCAATTTGTAAAAGGAATGG,chrI:86353,+,25,0,0,0,0,1,0.00
194,TACAGAAGGATCTACCACATTGG,chrI:86213,-,40,0,0,0,0,1,0.00
195,TGCAGGAGAATTTAAAATTTTGG,chrI:85967,-,25,0,0,0,0,1,0.00
196,TTCATCTTATCACTTTGTGAGGG,chrI:86778,-,30,1,0,0,0,1,0.00
197,TGAGGGGGATGGAGAAGAAGAGG,chrI:85634,+,55,0,0,0,0,2,1.00
